{
  "approach": "refuse",
  "cadre": "optimiste",
  "seed": 42,
  "n_runs": 1000,
  "pool_sizes": [
    100,
    1000,
    10000
  ],
  "max_queries": 5000,
  "results": {
    "cross_compiler": {
      "nb_pairs": 67353,
      "pools": {
        "pool_100": {
          "nb_queries": 5000,
          "recall_at_1": {
            "mean": 0.304527,
            "std": 0.01076964581590314
          },
          "mrr": {
            "mean": 0.44085137779632644,
            "std": 0.009645193978657804
          },
          "roc_auc": {
            "mean": 0.8954840962480923,
            "std": 0.005191613457892488
          }
        },
        "pool_1000": {
          "nb_queries": 5000,
          "recall_at_1": {
            "mean": 0.115778,
            "std": 0.0037693495460092317
          },
          "mrr": {
            "mean": 0.1934800280134941,
            "std": 0.0028925100524334457
          },
          "roc_auc": {
            "mean": 0.8955623742685733,
            "std": 0.002256442038930899
          }
        },
        "pool_10000": {
          "nb_queries": 5000,
          "recall_at_1": {
            "mean": 0.0381406,
            "std": 0.0014979291171480712
          },
          "mrr": {
            "mean": 0.07064654108837061,
            "std": 0.0010468820168190568
          },
          "roc_auc": {
            "mean": 0.89555227391973,
            "std": 0.0015606515234165956
          }
        }
      }
    },
    "cross_optim": {
      "nb_pairs": 262983,
      "pools": {
        "pool_100": {
          "nb_queries": 5000,
          "recall_at_1": {
            "mean": 0.4045842,
            "std": 0.0077383997286260674
          },
          "mrr": {
            "mean": 0.5037656919367202,
            "std": 0.007787618957604698
          },
          "roc_auc": {
            "mean": 0.8872599867078129,
            "std": 0.005624424330705325
          }
        },
        "pool_1000": {
          "nb_queries": 5000,
          "recall_at_1": {
            "mean": 0.26643580000000006,
            "std": 0.0028473212604130218
          },
          "mrr": {
            "mean": 0.3237003927385874,
            "std": 0.0021421659590606617
          },
          "roc_auc": {
            "mean": 0.8871636007952642,
            "std": 0.002225033770078021
          }
        },
        "pool_10000": {
          "nb_queries": 5000,
          "recall_at_1": {
            "mean": 0.1964392,
            "std": 0.0016609104009548494
          },
          "mrr": {
            "mean": 0.22674649319060602,
            "std": 0.0010554271502574636
          },
          "roc_auc": {
            "mean": 0.8870009974802754,
            "std": 0.0014630472043051027
          }
        }
      }
    },
    "cross_arch": {
      "status": "desactive"
    },
    "cross_implementation": {
      "nb_pairs": 66598,
      "pools": {
        "pool_100": {
          "nb_queries": 5000,
          "recall_at_1": {
            "mean": 0.278549,
            "std": 0.008644730128812582
          },
          "mrr": {
            "mean": 0.3763939956751412,
            "std": 0.009090846316288523
          },
          "roc_auc": {
            "mean": 0.799968291506474,
            "std": 0.008069696058220707
          }
        },
        "pool_1000": {
          "nb_queries": 5000,
          "recall_at_1": {
            "mean": 0.15343020000000002,
            "std": 0.002493047925732676
          },
          "mrr": {
            "mean": 0.2056423287629609,
            "std": 0.0021979641978578097
          },
          "roc_auc": {
            "mean": 0.8000473751658013,
            "std": 0.0031108247484718564
          }
        },
        "pool_10000": {
          "nb_queries": 5000,
          "recall_at_1": {
            "mean": 0.0965124,
            "std": 0.001448118171973544
          },
          "mrr": {
            "mean": 0.12111842321353754,
            "std": 0.0009445438866391417
          },
          "roc_auc": {
            "mean": 0.7999573415406411,
            "std": 0.0018093743593538025
          }
        }
      }
    },
    "cross_language": {
      "nb_pairs": 89008,
      "pools": {
        "pool_100": {
          "nb_queries": 5000,
          "recall_at_1": {
            "mean": 0.0721374,
            "std": 0.005502766689584431
          },
          "mrr": {
            "mean": 0.15273612063052372,
            "std": 0.0076312730195748244
          },
          "roc_auc": {
            "mean": 0.6626859902984424,
            "std": 0.013003217381060687
          }
        },
        "pool_1000": {
          "nb_queries": 5000,
          "recall_at_1": {
            "mean": 0.0212278,
            "std": 0.001194113545689856
          },
          "mrr": {
            "mean": 0.044687013569436745,
            "std": 0.0011294254447504182
          },
          "roc_auc": {
            "mean": 0.6628921485454722,
            "std": 0.00474628379024436
          }
        },
        "pool_10000": {
          "nb_queries": 5000,
          "recall_at_1": {
            "mean": 0.0088832,
            "std": 0.0005253929576992824
          },
          "mrr": {
            "mean": 0.014790634881072094,
            "std": 0.0003597316353701212
          },
          "roc_auc": {
            "mean": 0.6628250474252153,
            "std": 0.002608051199126404
          }
        }
      }
    },
    "cross_mixed": {
      "status": "desactive"
    }
  },
  "stats": {
    "total_functions": 17765,
    "pairs_skipped_inlining": {
      "cross_optim": 80357
    }
  }
}