{
  "approach": "refuse",
  "pool_sizes": [
    100,
    1000,
    10000
  ],
  "seed": 42,
  "n_runs": 1000,
  "max_queries": 5000,
  "results": {
    "cross_compiler": {
      "nb_pairs": 227134,
      "pools": {
        "pool_100": {
          "nb_queries": 5000,
          "recall_at_1": {
            "mean": 0.25740620000000003,
            "std": 0.014746921087467715
          },
          "mrr": {
            "mean": 0.3767708923857743,
            "std": 0.012888551171610732
          }
        },
        "pool_1000": {
          "nb_queries": 5000,
          "recall_at_1": {
            "mean": 0.1287474,
            "std": 0.005302361100490987
          },
          "mrr": {
            "mean": 0.18485939124448572,
            "std": 0.005143399056235175
          }
        },
        "pool_10000": {
          "nb_queries": 5000,
          "recall_at_1": {
            "mean": 0.07072200000000001,
            "std": 0.00367474570548766
          },
          "mrr": {
            "mean": 0.09558680341344347,
            "std": 0.003734291777595343
          }
        }
      }
    },
    "cross_optim": {
      "nb_pairs": 250000,
      "pools": {
        "pool_100": {
          "nb_queries": 5000,
          "recall_at_1": {
            "mean": 0.3621278,
            "std": 0.018382220408862473
          },
          "mrr": {
            "mean": 0.4571309699828462,
            "std": 0.013601699002621696
          }
        },
        "pool_1000": {
          "nb_queries": 5000,
          "recall_at_1": {
            "mean": 0.2241042,
            "std": 0.007785205351177321
          },
          "mrr": {
            "mean": 0.28367403008000247,
            "std": 0.007049791781921051
          }
        },
        "pool_10000": {
          "nb_queries": 5000,
          "recall_at_1": {
            "mean": 0.1375718,
            "std": 0.0051052957563690665
          },
          "mrr": {
            "mean": 0.17505755160985,
            "std": 0.004960232829525563
          }
        }
      }
    },
    "cross_implementation": {
      "nb_pairs": 213831,
      "pools": {
        "pool_100": {
          "nb_queries": 5000,
          "recall_at_1": {
            "mean": 0.2558704,
            "std": 0.017310013398030632
          },
          "mrr": {
            "mean": 0.36512705438103865,
            "std": 0.014060635388590717
          }
        },
        "pool_1000": {
          "nb_queries": 5000,
          "recall_at_1": {
            "mean": 0.1256292,
            "std": 0.006106798454182028
          },
          "mrr": {
            "mean": 0.1825306396808089,
            "std": 0.005765210430648747
          }
        },
        "pool_10000": {
          "nb_queries": 5000,
          "recall_at_1": {
            "mean": 0.0619248,
            "std": 0.0035171842374262965
          },
          "mrr": {
            "mean": 0.08966298163431896,
            "std": 0.0035423568835511797
          }
        }
      }
    },
    "cross_language": {
      "nb_pairs": 250000,
      "pools": {
        "pool_100": {
          "nb_queries": 5000,
          "recall_at_1": {
            "mean": 0.0616028,
            "std": 0.007800922519804949
          },
          "mrr": {
            "mean": 0.16601736968441333,
            "std": 0.012338256382816678
          }
        },
        "pool_1000": {
          "nb_queries": 5000,
          "recall_at_1": {
            "mean": 0.0183012,
            "std": 0.002031590155518578
          },
          "mrr": {
            "mean": 0.0422038147954014,
            "std": 0.002309924552862478
          }
        },
        "pool_10000": {
          "nb_queries": 5000,
          "recall_at_1": {
            "mean": 0.0080756,
            "std": 0.0012437220911441591
          },
          "mrr": {
            "mean": 0.0135982351279203,
            "std": 0.0013303751493815683
          }
        }
      }
    }
  },
  "stats": {
    "total_functions": 597476
  }
}