{
  "approach": "jtrans",
  "cadre": "optimiste",
  "seed": 42,
  "n_runs": 1000,
  "pool_sizes": [
    100,
    1000,
    10000
  ],
  "max_queries": 5000,
  "results": {
    "cross_compiler": {
      "nb_pairs": 67353,
      "pools": {
        "pool_100": {
          "nb_queries": 5000,
          "recall_at_1": {
            "mean": 0.5105008,
            "std": 0.016040059830312352
          },
          "mrr": {
            "mean": 0.6098614347634911,
            "std": 0.014182530897676956
          },
          "roc_auc": {
            "mean": 0.9285202759781871,
            "std": 0.006416066285555081
          }
        },
        "pool_1000": {
          "nb_queries": 5000,
          "recall_at_1": {
            "mean": 0.33557640000000005,
            "std": 0.004598052091918926
          },
          "mrr": {
            "mean": 0.4089392239096423,
            "std": 0.003698593079360344
          },
          "roc_auc": {
            "mean": 0.9284985173059792,
            "std": 0.00243707002884188
          }
        },
        "pool_10000": {
          "nb_queries": 5000,
          "recall_at_1": {
            "mean": 0.2083812,
            "std": 0.002806971065045024
          },
          "mrr": {
            "mean": 0.26316754807583775,
            "std": 0.0018356030799778664
          },
          "roc_auc": {
            "mean": 0.9284695720841418,
            "std": 0.001512034294173012
          }
        }
      }
    },
    "cross_optim": {
      "nb_pairs": 262983,
      "pools": {
        "pool_100": {
          "nb_queries": 5000,
          "recall_at_1": {
            "mean": 0.6150401999999999,
            "std": 0.01104894311506761
          },
          "mrr": {
            "mean": 0.6958201788152057,
            "std": 0.011572165497428464
          },
          "roc_auc": {
            "mean": 0.9384511672350149,
            "std": 0.005369912492819619
          }
        },
        "pool_1000": {
          "nb_queries": 5000,
          "recall_at_1": {
            "mean": 0.4686756,
            "std": 0.00402824585148424
          },
          "mrr": {
            "mean": 0.5307874455119107,
            "std": 0.0030360122701018
          },
          "roc_auc": {
            "mean": 0.9383524377010601,
            "std": 0.0019814099091334074
          }
        },
        "pool_10000": {
          "nb_queries": 5000,
          "recall_at_1": {
            "mean": 0.3595688,
            "std": 0.0024834465083830586
          },
          "mrr": {
            "mean": 0.4064879297597427,
            "std": 0.0015733215469658562
          },
          "roc_auc": {
            "mean": 0.938349159560639,
            "std": 0.0012243408099071253
          }
        }
      }
    },
    "cross_arch": {
      "status": "desactive"
    },
    "cross_implementation": {
      "nb_pairs": 80046,
      "pools": {
        "pool_100": {
          "nb_queries": 5000,
          "recall_at_1": {
            "mean": 0.45340279999999994,
            "std": 0.014827490420162138
          },
          "mrr": {
            "mean": 0.5574999712667416,
            "std": 0.013413573675313376
          },
          "roc_auc": {
            "mean": 0.8978259944982229,
            "std": 0.009229828020264197
          }
        },
        "pool_1000": {
          "nb_queries": 5000,
          "recall_at_1": {
            "mean": 0.27417179999999997,
            "std": 0.004208083264385344
          },
          "mrr": {
            "mean": 0.3480096319228653,
            "std": 0.0038063891236374448
          },
          "roc_auc": {
            "mean": 0.8977117839029809,
            "std": 0.0032083565462980848
          }
        },
        "pool_10000": {
          "nb_queries": 5000,
          "recall_at_1": {
            "mean": 0.17227,
            "std": 0.0021769290296194776
          },
          "mrr": {
            "mean": 0.21570553088894548,
            "std": 0.0014522967124303322
          },
          "roc_auc": {
            "mean": 0.8976606993469215,
            "std": 0.0015094289011563743
          }
        }
      }
    },
    "cross_language": {
      "nb_pairs": 107078,
      "pools": {
        "pool_100": {
          "nb_queries": 5000,
          "recall_at_1": {
            "mean": 0.07068680000000001,
            "std": 0.01242381848547378
          },
          "mrr": {
            "mean": 0.16527392959162426,
            "std": 0.015386843481199978
          },
          "roc_auc": {
            "mean": 0.782786477875348,
            "std": 0.021202687927157616
          }
        },
        "pool_1000": {
          "nb_queries": 5000,
          "recall_at_1": {
            "mean": 0.0188884,
            "std": 0.0011754596717880202
          },
          "mrr": {
            "mean": 0.04325211804150372,
            "std": 0.0016254481882346237
          },
          "roc_auc": {
            "mean": 0.7827421534309731,
            "std": 0.007189412616320134
          }
        },
        "pool_10000": {
          "nb_queries": 5000,
          "recall_at_1": {
            "mean": 0.0091064,
            "std": 0.0005489253501160243
          },
          "mrr": {
            "mean": 0.014516316163626171,
            "std": 0.0003548683667476125
          },
          "roc_auc": {
            "mean": 0.7827459406502639,
            "std": 0.003234480181808937
          }
        }
      }
    },
    "cross_mixed": {
      "status": "desactive"
    }
  },
  "stats": {
    "total_functions": 17765,
    "pairs_skipped_inlining": {
      "cross_optim": 767007
    }
  }
}