{
  "approach": "jtrans",
  "cadre": "optimiste",
  "seed": 42,
  "n_runs": 1000,
  "pool_sizes": [
    100,
    1000,
    10000
  ],
  "max_queries": 5000,
  "results": {
    "cross_compiler": {
      "nb_pairs": 67353,
      "pools": {
        "pool_100": {
          "nb_queries": 5000,
          "recall_at_1": {
            "mean": 0.49292919999999996,
            "std": 0.017593242661885843
          },
          "mrr": {
            "mean": 0.5951206047946036,
            "std": 0.015799678294757678
          },
          "roc_auc": {
            "mean": 0.9268938447246464,
            "std": 0.006838333704854216
          }
        },
        "pool_1000": {
          "nb_queries": 5000,
          "recall_at_1": {
            "mean": 0.3103434,
            "std": 0.007332254526405913
          },
          "mrr": {
            "mean": 0.38852931805814606,
            "std": 0.0066133941773946926
          },
          "roc_auc": {
            "mean": 0.9266898633460999,
            "std": 0.0049436442941155605
          }
        },
        "pool_10000": {
          "nb_queries": 5000,
          "recall_at_1": {
            "mean": 0.1380686,
            "std": 0.004867127904627122
          },
          "mrr": {
            "mean": 0.21478955691778698,
            "std": 0.004783003261516812
          },
          "roc_auc": {
            "mean": 0.9269051690638,
            "std": 0.004917076401011379
          }
        }
      }
    },
    "cross_optim": {
      "nb_pairs": 262983,
      "pools": {
        "pool_100": {
          "nb_queries": 5000,
          "recall_at_1": {
            "mean": 0.5986104,
            "std": 0.011892779819705736
          },
          "mrr": {
            "mean": 0.6807732019649371,
            "std": 0.011904179682178103
          },
          "roc_auc": {
            "mean": 0.9375498524393939,
            "std": 0.005359027450768667
          }
        },
        "pool_1000": {
          "nb_queries": 5000,
          "recall_at_1": {
            "mean": 0.4416984,
            "std": 0.0075095617342159195
          },
          "mrr": {
            "mean": 0.5094856062515369,
            "std": 0.006841473674762124
          },
          "roc_auc": {
            "mean": 0.937857561872,
            "std": 0.0040309017450926
          }
        },
        "pool_10000": {
          "nb_queries": 5000,
          "recall_at_1": {
            "mean": 0.2808436,
            "std": 0.006265366632528378
          },
          "mrr": {
            "mean": 0.3541458883578776,
            "std": 0.005950452824764363
          },
          "roc_auc": {
            "mean": 0.9374873681913,
            "std": 0.003959549716325842
          }
        }
      }
    },
    "cross_arch": {
      "status": "desactive"
    },
    "cross_implementation": {
      "nb_pairs": 184295,
      "pools": {
        "pool_100": {
          "nb_queries": 5000,
          "recall_at_1": {
            "mean": 0.203758,
            "std": 0.008377765573230132
          },
          "mrr": {
            "mean": 0.281439887012922,
            "std": 0.008139804850493723
          },
          "roc_auc": {
            "mean": 0.6297077383668687,
            "std": 0.011952644833474177
          }
        },
        "pool_1000": {
          "nb_queries": 5000,
          "recall_at_1": {
            "mean": 0.1081794,
            "std": 0.004537278439769814
          },
          "mrr": {
            "mean": 0.14876279557898683,
            "std": 0.004633276037053724
          },
          "roc_auc": {
            "mean": 0.6295258842422,
            "std": 0.008435279789925086
          }
        },
        "pool_10000": {
          "nb_queries": 5000,
          "recall_at_1": {
            "mean": 0.054731800000000004,
            "std": 0.003198591683850879
          },
          "mrr": {
            "mean": 0.07868326961739072,
            "std": 0.0033329074551249845
          },
          "roc_auc": {
            "mean": 0.6291712832715,
            "std": 0.00894676207817706
          }
        }
      }
    },
    "cross_language": {
      "nb_pairs": 159694,
      "pools": {
        "pool_100": {
          "nb_queries": 5000,
          "recall_at_1": {
            "mean": 0.043898000000000006,
            "std": 0.007912238368502304
          },
          "mrr": {
            "mean": 0.12342544265809942,
            "std": 0.009424048566216993
          },
          "roc_auc": {
            "mean": 0.6561854283836365,
            "std": 0.012990183891668498
          }
        },
        "pool_1000": {
          "nb_queries": 5000,
          "recall_at_1": {
            "mean": 0.0079752,
            "std": 0.0013048007357447343
          },
          "mrr": {
            "mean": 0.02549036316971931,
            "std": 0.0015984243353992934
          },
          "roc_auc": {
            "mean": 0.6560574546924001,
            "std": 0.009661694809698512
          }
        },
        "pool_10000": {
          "nb_queries": 5000,
          "recall_at_1": {
            "mean": 0.002333,
            "std": 0.0006796109180994667
          },
          "mrr": {
            "mean": 0.005827881144565898,
            "std": 0.000754239187116947
          },
          "roc_auc": {
            "mean": 0.6562950300342,
            "std": 0.009495149776887615
          }
        }
      }
    },
    "cross_mixed": {
      "status": "desactive"
    }
  },
  "stats": {
    "total_functions": 17764,
    "pairs_skipped_inlining": {}
  }
}