{
  "approach": "palmtree_ft",
  "cadre": "optimiste",
  "seed": 42,
  "n_runs": 1000,
  "pool_sizes": [
    100,
    1000,
    10000
  ],
  "max_queries": 5000,
  "results": {
    "cross_compiler": {
      "nb_pairs": 10101,
      "pools": {
        "pool_100": {
          "nb_queries": 5000,
          "recall_at_1": {
            "mean": 0.6340588,
            "std": 0.017355902239872177
          },
          "mrr": {
            "mean": 0.7379964336138796,
            "std": 0.012333954627888707
          },
          "roc_auc": {
            "mean": 0.9531784376731344,
            "std": 0.0032092568922115696
          }
        },
        "pool_1000": {
          "nb_queries": 5000,
          "recall_at_1": {
            "mean": 0.3910728,
            "std": 0.005470398537583894
          },
          "mrr": {
            "mean": 0.491674278969026,
            "std": 0.004514240275783236
          },
          "roc_auc": {
            "mean": 0.953424346704026,
            "std": 0.0013206834568312913
          }
        },
        "pool_10000": {
          "nb_queries": 5000,
          "recall_at_1": {
            "mean": 0.24513140000000003,
            "std": 0.0019078925651094716
          },
          "mrr": {
            "mean": 0.30431820220999034,
            "std": 0.0013078107387064738
          },
          "roc_auc": {
            "mean": 0.9534157004953463,
            "std": 0.0009793265510750855
          }
        }
      }
    },
    "cross_optim": {
      "nb_pairs": 39395,
      "pools": {
        "pool_100": {
          "nb_queries": 5000,
          "recall_at_1": {
            "mean": 0.5789865999999999,
            "std": 0.010835424331331008
          },
          "mrr": {
            "mean": 0.6657172558882132,
            "std": 0.01049371432165069
          },
          "roc_auc": {
            "mean": 0.9290282227872142,
            "std": 0.004712653667351967
          }
        },
        "pool_1000": {
          "nb_queries": 5000,
          "recall_at_1": {
            "mean": 0.45905359999999995,
            "std": 0.0031281315573357836
          },
          "mrr": {
            "mean": 0.5091688758232543,
            "std": 0.0023100329429711635
          },
          "roc_auc": {
            "mean": 0.9291426272525896,
            "std": 0.001722524334084661
          }
        },
        "pool_10000": {
          "nb_queries": 5000,
          "recall_at_1": {
            "mean": 0.38586739999999997,
            "std": 0.0015797396114550029
          },
          "mrr": {
            "mean": 0.41710946346821104,
            "std": 0.0009842158105415433
          },
          "roc_auc": {
            "mean": 0.9291642145617957,
            "std": 0.0010641769898602285
          }
        }
      }
    },
    "cross_arch": {
      "status": "desactive"
    },
    "cross_implementation": {
      "nb_pairs": 9315,
      "pools": {
        "pool_100": {
          "nb_queries": 5000,
          "recall_at_1": {
            "mean": 0.467965,
            "std": 0.012550516124845226
          },
          "mrr": {
            "mean": 0.5559020529933862,
            "std": 0.011480113015273666
          },
          "roc_auc": {
            "mean": 0.8648176545122216,
            "std": 0.007468712880138158
          }
        },
        "pool_1000": {
          "nb_queries": 5000,
          "recall_at_1": {
            "mean": 0.32633979999999996,
            "std": 0.0037701267830140676
          },
          "mrr": {
            "mean": 0.38570471816656465,
            "std": 0.003148171394614314
          },
          "roc_auc": {
            "mean": 0.8649376936865428,
            "std": 0.0026418653189332285
          }
        },
        "pool_10000": {
          "nb_queries": 5000,
          "recall_at_1": {
            "mean": 0.24369019999999997,
            "std": 0.0016655761645748904
          },
          "mrr": {
            "mean": 0.2784281990431384,
            "std": 0.0010516531722529643
          },
          "roc_auc": {
            "mean": 0.8649947854437162,
            "std": 0.0013573788758137926
          }
        }
      }
    },
    "cross_language": {
      "nb_pairs": 12599,
      "pools": {
        "pool_100": {
          "nb_queries": 5000,
          "recall_at_1": {
            "mean": 0.1212004,
            "std": 0.009060410577893255
          },
          "mrr": {
            "mean": 0.2052191250079747,
            "std": 0.011245727064728815
          },
          "roc_auc": {
            "mean": 0.7187990418804591,
            "std": 0.016228409289487652
          }
        },
        "pool_1000": {
          "nb_queries": 5000,
          "recall_at_1": {
            "mean": 0.0492516,
            "std": 0.002362587022735882
          },
          "mrr": {
            "mean": 0.08108186233268005,
            "std": 0.002108128270567852
          },
          "roc_auc": {
            "mean": 0.7186497590907132,
            "std": 0.005735465992121893
          }
        },
        "pool_10000": {
          "nb_queries": 5000,
          "recall_at_1": {
            "mean": 0.0255432,
            "std": 0.0008804395266002086
          },
          "mrr": {
            "mean": 0.03611235314611726,
            "std": 0.0006084744946151126
          },
          "roc_auc": {
            "mean": 0.7188396903212835,
            "std": 0.0026031670359599746
          }
        }
      }
    },
    "cross_mixed": {
      "status": "desactive"
    }
  },
  "stats": {
    "total_functions": 2695,
    "pairs_skipped_inlining": {
      "cross_optim": 12575
    }
  }
}