{
  "approach": "palmtree",
  "cadre": "optimiste",
  "seed": 42,
  "n_runs": 1000,
  "pool_sizes": [
    100,
    1000,
    10000
  ],
  "max_queries": 5000,
  "results": {
    "cross_compiler": {
      "nb_pairs": 67308,
      "pools": {
        "pool_100": {
          "nb_queries": 5000,
          "recall_at_1": {
            "mean": 0.4348944,
            "std": 0.01851311234341757
          },
          "mrr": {
            "mean": 0.5654705413799433,
            "std": 0.0166951082340125
          },
          "roc_auc": {
            "mean": 0.8995139932789898,
            "std": 0.00683913263069323
          }
        },
        "pool_1000": {
          "nb_queries": 5000,
          "recall_at_1": {
            "mean": 0.2287316,
            "std": 0.006508803380038453
          },
          "mrr": {
            "mean": 0.31594549071682854,
            "std": 0.006270632542449704
          },
          "roc_auc": {
            "mean": 0.8991753745466999,
            "std": 0.005071483584104975
          }
        },
        "pool_10000": {
          "nb_queries": 5000,
          "recall_at_1": {
            "mean": 0.08315739999999999,
            "std": 0.0038599359113850587
          },
          "mrr": {
            "mean": 0.14599417556553854,
            "std": 0.0039189818334483045
          },
          "roc_auc": {
            "mean": 0.898988131415,
            "std": 0.0048295680589222414
          }
        }
      }
    },
    "cross_optim": {
      "nb_pairs": 263868,
      "pools": {
        "pool_100": {
          "nb_queries": 5000,
          "recall_at_1": {
            "mean": 0.4878018,
            "std": 0.010540210470384356
          },
          "mrr": {
            "mean": 0.556865771134982,
            "std": 0.010141446151206306
          },
          "roc_auc": {
            "mean": 0.838939578008889,
            "std": 0.008259440496650438
          }
        },
        "pool_1000": {
          "nb_queries": 5000,
          "recall_at_1": {
            "mean": 0.3800264,
            "std": 0.007226536033259642
          },
          "mrr": {
            "mean": 0.42725179306299743,
            "std": 0.006789072467240878
          },
          "roc_auc": {
            "mean": 0.8386409502968,
            "std": 0.0064648565982767855
          }
        },
        "pool_10000": {
          "nb_queries": 5000,
          "recall_at_1": {
            "mean": 0.2608318,
            "std": 0.006000965652292971
          },
          "mrr": {
            "mean": 0.3167629731112964,
            "std": 0.005915456043215516
          },
          "roc_auc": {
            "mean": 0.8386355576235,
            "std": 0.00650932850704456
          }
        }
      }
    },
    "cross_arch": {
      "status": "desactive"
    },
    "cross_implementation": {
      "nb_pairs": 189258,
      "pools": {
        "pool_100": {
          "nb_queries": 5000,
          "recall_at_1": {
            "mean": 0.21065640000000002,
            "std": 0.008572025375604064
          },
          "mrr": {
            "mean": 0.28844761026566496,
            "std": 0.008643378096210044
          },
          "roc_auc": {
            "mean": 0.6774732795537375,
            "std": 0.01380329140816163
          }
        },
        "pool_1000": {
          "nb_queries": 5000,
          "recall_at_1": {
            "mean": 0.11773900000000001,
            "std": 0.004703453943646094
          },
          "mrr": {
            "mean": 0.15784348891504058,
            "std": 0.004780931070278132
          },
          "roc_auc": {
            "mean": 0.6776577975179,
            "std": 0.009768853474946281
          }
        },
        "pool_10000": {
          "nb_queries": 5000,
          "recall_at_1": {
            "mean": 0.061097,
            "std": 0.0035217937191153034
          },
          "mrr": {
            "mean": 0.08651151426433716,
            "std": 0.0035633476746256315
          },
          "roc_auc": {
            "mean": 0.6775319999575,
            "std": 0.009839517482971695
          }
        }
      }
    },
    "cross_language": {
      "nb_pairs": 171836,
      "pools": {
        "pool_100": {
          "nb_queries": 5000,
          "recall_at_1": {
            "mean": 0.09680119999999999,
            "std": 0.007579334968188172
          },
          "mrr": {
            "mean": 0.17935633507237028,
            "std": 0.009195348593944826
          },
          "roc_auc": {
            "mean": 0.651175172518788,
            "std": 0.014589301433618838
          }
        },
        "pool_1000": {
          "nb_queries": 5000,
          "recall_at_1": {
            "mean": 0.032907000000000006,
            "std": 0.0025503472312608725
          },
          "mrr": {
            "mean": 0.06111402692959648,
            "std": 0.002784803878212374
          },
          "roc_auc": {
            "mean": 0.6504884021817999,
            "std": 0.010454894618148504
          }
        },
        "pool_10000": {
          "nb_queries": 5000,
          "recall_at_1": {
            "mean": 0.0106736,
            "std": 0.0014390354547404315
          },
          "mrr": {
            "mean": 0.021031461891649002,
            "std": 0.001563121341554044
          },
          "roc_auc": {
            "mean": 0.6505496558527,
            "std": 0.010113449781188572
          }
        }
      }
    },
    "cross_mixed": {
      "status": "desactive"
    }
  },
  "stats": {
    "total_functions": 19582,
    "pairs_skipped_inlining": {}
  }
}