{
  "approach": "palmtree",
  "cadre": "optimiste",
  "seed": 42,
  "n_runs": 1000,
  "pool_sizes": [
    100,
    1000,
    10000
  ],
  "max_queries": 5000,
  "results": {
    "cross_compiler": {
      "nb_pairs": 67353,
      "pools": {
        "pool_100": {
          "nb_queries": 5000,
          "recall_at_1": {
            "mean": 0.437985,
            "std": 0.019111662800499595
          },
          "mrr": {
            "mean": 0.5660299206944358,
            "std": 0.015685990133348253
          },
          "roc_auc": {
            "mean": 0.893250820801264,
            "std": 0.007182224308454315
          }
        },
        "pool_1000": {
          "nb_queries": 5000,
          "recall_at_1": {
            "mean": 0.24132820000000002,
            "std": 0.004539383742315689
          },
          "mrr": {
            "mean": 0.32322778116408596,
            "std": 0.0038365844302756706
          },
          "roc_auc": {
            "mean": 0.8934557151726462,
            "std": 0.0025887649710423263
          }
        },
        "pool_10000": {
          "nb_queries": 5000,
          "recall_at_1": {
            "mean": 0.1230452,
            "std": 0.0022151923076789517
          },
          "mrr": {
            "mean": 0.1730574884297372,
            "std": 0.001538527573537942
          },
          "roc_auc": {
            "mean": 0.893490508913917,
            "std": 0.0015973831659802165
          }
        }
      }
    },
    "cross_optim": {
      "nb_pairs": 262983,
      "pools": {
        "pool_100": {
          "nb_queries": 5000,
          "recall_at_1": {
            "mean": 0.48842759999999996,
            "std": 0.007951505407154042
          },
          "mrr": {
            "mean": 0.5558699524139916,
            "std": 0.0077510078945388266
          },
          "roc_auc": {
            "mean": 0.8327321247872571,
            "std": 0.0084281470340699
          }
        },
        "pool_1000": {
          "nb_queries": 5000,
          "recall_at_1": {
            "mean": 0.3946594,
            "std": 0.0026827805799207642
          },
          "mrr": {
            "mean": 0.43511824181535236,
            "std": 0.0019891447724614663
          },
          "roc_auc": {
            "mean": 0.8328219743589869,
            "std": 0.002906239382969314
          }
        },
        "pool_10000": {
          "nb_queries": 5000,
          "recall_at_1": {
            "mean": 0.3230366,
            "std": 0.002206676333312162
          },
          "mrr": {
            "mean": 0.3544322865232064,
            "std": 0.0013547641362487036
          },
          "roc_auc": {
            "mean": 0.8328075386149734,
            "std": 0.0015961126688088766
          }
        }
      }
    },
    "cross_arch": {
      "status": "desactive"
    },
    "cross_implementation": {
      "nb_pairs": 66598,
      "pools": {
        "pool_100": {
          "nb_queries": 5000,
          "recall_at_1": {
            "mean": 0.43643240000000005,
            "std": 0.011145552935588256
          },
          "mrr": {
            "mean": 0.5291078899999406,
            "std": 0.010789567174668634
          },
          "roc_auc": {
            "mean": 0.8538538135290465,
            "std": 0.009266251783050893
          }
        },
        "pool_1000": {
          "nb_queries": 5000,
          "recall_at_1": {
            "mean": 0.28589339999999996,
            "std": 0.0036450674122710004
          },
          "mrr": {
            "mean": 0.348994405202024,
            "std": 0.003152264546456057
          },
          "roc_auc": {
            "mean": 0.8540803729952793,
            "std": 0.003133441458603091
          }
        },
        "pool_10000": {
          "nb_queries": 5000,
          "recall_at_1": {
            "mean": 0.1944044,
            "std": 0.0021071641227014093
          },
          "mrr": {
            "mean": 0.23359683411863388,
            "std": 0.0013515623436339786
          },
          "roc_auc": {
            "mean": 0.8541054529294089,
            "std": 0.0015931064865383649
          }
        }
      }
    },
    "cross_language": {
      "nb_pairs": 89008,
      "pools": {
        "pool_100": {
          "nb_queries": 5000,
          "recall_at_1": {
            "mean": 0.1550188,
            "std": 0.010379266186007563
          },
          "mrr": {
            "mean": 0.25699727247473386,
            "std": 0.012378633992573574
          },
          "roc_auc": {
            "mean": 0.7623335492626636,
            "std": 0.015398966295587155
          }
        },
        "pool_1000": {
          "nb_queries": 5000,
          "recall_at_1": {
            "mean": 0.060895399999999995,
            "std": 0.002487114561092834
          },
          "mrr": {
            "mean": 0.10190309362443013,
            "std": 0.0022135384073668366
          },
          "roc_auc": {
            "mean": 0.7628752003605225,
            "std": 0.005215010917032897
          }
        },
        "pool_10000": {
          "nb_queries": 5000,
          "recall_at_1": {
            "mean": 0.025955,
            "std": 0.0011607303735148829
          },
          "mrr": {
            "mean": 0.041277050146042715,
            "std": 0.0007631294176372594
          },
          "roc_auc": {
            "mean": 0.7628497527919268,
            "std": 0.0025863101264756425
          }
        }
      }
    },
    "cross_mixed": {
      "status": "desactive"
    }
  },
  "stats": {
    "total_functions": 17765,
    "pairs_skipped_inlining": {
      "cross_optim": 80357
    }
  }
}