{
  "approach": "palmtree",
  "cadre": "optimiste",
  "seed": 42,
  "n_runs": 10,
  "pool_sizes": [
    100,
    1000,
    10000
  ],
  "max_queries": 5000,
  "results": {
    "cross_compiler": {
      "nb_pairs": 67392,
      "pools": {
        "pool_100": {
          "nb_queries": 5000,
          "recall_at_1": {
            "mean": 0.4390199999999999,
            "std": 0.004757688514394356
          },
          "mrr": {
            "mean": 0.5658981710222613,
            "std": 0.004278060769423201
          },
          "roc_auc": {
            "mean": 0.8999938425050503,
            "std": 0.0013462011847197356
          }
        },
        "pool_1000": {
          "nb_queries": 5000,
          "recall_at_1": {
            "mean": 0.24022000000000002,
            "std": 0.0020207919239743615
          },
          "mrr": {
            "mean": 0.3232024380170563,
            "std": 0.0020950703463320066
          },
          "roc_auc": {
            "mean": 0.8999978326000001,
            "std": 0.0013610754067903631
          }
        },
        "pool_10000": {
          "nb_queries": 5000,
          "recall_at_1": {
            "mean": 0.12094,
            "std": 0.002855240795449657
          },
          "mrr": {
            "mean": 0.17066496319083152,
            "std": 0.0024505171753995765
          },
          "roc_auc": {
            "mean": 0.8999190959200002,
            "std": 0.001356923821577055
          }
        }
      }
    },
    "cross_optim": {
      "nb_pairs": 264298,
      "pools": {
        "pool_100": {
          "nb_queries": 5000,
          "recall_at_1": {
            "mean": 0.48754,
            "std": 0.0069639356688585155
          },
          "mrr": {
            "mean": 0.556889273598639,
            "std": 0.00620827607464803
          },
          "roc_auc": {
            "mean": 0.8404602701414141,
            "std": 0.003419181020882621
          }
        },
        "pool_1000": {
          "nb_queries": 5000,
          "recall_at_1": {
            "mean": 0.38592000000000004,
            "std": 0.006547182600172383
          },
          "mrr": {
            "mean": 0.4298098152152397,
            "std": 0.005666090276491899
          },
          "roc_auc": {
            "mean": 0.8403979889800001,
            "std": 0.003515441141295217
          }
        },
        "pool_10000": {
          "nb_queries": 5000,
          "recall_at_1": {
            "mean": 0.31194,
            "std": 0.006609114918050676
          },
          "mrr": {
            "mean": 0.3443504158937761,
            "std": 0.006040802569555266
          },
          "roc_auc": {
            "mean": 0.8404272908500001,
            "std": 0.003455457924174003
          }
        }
      }
    },
    "cross_arch": {
      "status": "desactive"
    },
    "cross_implementation": {
      "nb_pairs": 189278,
      "pools": {
        "pool_100": {
          "nb_queries": 5000,
          "recall_at_1": {
            "mean": 0.21186000000000002,
            "std": 0.004007043798113515
          },
          "mrr": {
            "mean": 0.2899865697255382,
            "std": 0.004114144025530821
          },
          "roc_auc": {
            "mean": 0.6780085446262627,
            "std": 0.0038975563419409347
          }
        },
        "pool_1000": {
          "nb_queries": 5000,
          "recall_at_1": {
            "mean": 0.12016,
            "std": 0.004066251344912166
          },
          "mrr": {
            "mean": 0.1596466904368528,
            "std": 0.003626582606371537
          },
          "roc_auc": {
            "mean": 0.67811625638,
            "std": 0.003901401917689961
          }
        },
        "pool_10000": {
          "nb_queries": 5000,
          "recall_at_1": {
            "mean": 0.07555999999999999,
            "std": 0.0026043041297052847
          },
          "mrr": {
            "mean": 0.09509214052665149,
            "std": 0.0028216403757264337
          },
          "roc_auc": {
            "mean": 0.67813836928,
            "std": 0.0038478016599740993
          }
        }
      }
    },
    "cross_language": {
      "nb_pairs": 171977,
      "pools": {
        "pool_100": {
          "nb_queries": 5000,
          "recall_at_1": {
            "mean": 0.0987,
            "std": 0.0038202094183434495
          },
          "mrr": {
            "mean": 0.1805224358010318,
            "std": 0.0033737853743275995
          },
          "roc_auc": {
            "mean": 0.652509485070707,
            "std": 0.002434201282391026
          }
        },
        "pool_1000": {
          "nb_queries": 5000,
          "recall_at_1": {
            "mean": 0.0352,
            "std": 0.0025518620652378522
          },
          "mrr": {
            "mean": 0.06292447601247206,
            "std": 0.0025840745112557543
          },
          "roc_auc": {
            "mean": 0.65264336414,
            "std": 0.002390197336298469
          }
        },
        "pool_10000": {
          "nb_queries": 5000,
          "recall_at_1": {
            "mean": 0.015220000000000001,
            "std": 0.001412657070912824
          },
          "mrr": {
            "mean": 0.024438913024529017,
            "std": 0.001552107253858298
          },
          "roc_auc": {
            "mean": 0.6525723151099999,
            "std": 0.002317522286916828
          }
        }
      }
    },
    "cross_mixed": {
      "status": "desactive"
    }
  },
  "stats": {
    "total_functions": 19582,
    "pairs_skipped_inlining": {}
  }
}