{
  "approach": "baseline",
  "cadre": "optimiste",
  "seed": 42,
  "n_runs": 1000,
  "pool_sizes": [
    100,
    1000,
    10000
  ],
  "max_queries": 5000,
  "results": {
    "cross_compiler": {
      "nb_pairs": 67353,
      "pools": {
        "pool_100": {
          "nb_queries": 5000,
          "recall_at_1": {
            "mean": 0.3642552,
            "std": 0.014371446446339352
          },
          "mrr": {
            "mean": 0.4900227416100903,
            "std": 0.011925530204886419
          },
          "roc_auc": {
            "mean": 0.8654135366660396,
            "std": 0.008769976522789403
          }
        },
        "pool_1000": {
          "nb_queries": 5000,
          "recall_at_1": {
            "mean": 0.1776578,
            "std": 0.003786341130960072
          },
          "mrr": {
            "mean": 0.2555503089820877,
            "std": 0.0028821942656730047
          },
          "roc_auc": {
            "mean": 0.8653542977314159,
            "std": 0.0033624663010278616
          }
        },
        "pool_10000": {
          "nb_queries": 5000,
          "recall_at_1": {
            "mean": 0.08149019999999998,
            "std": 0.001788424994233753
          },
          "mrr": {
            "mean": 0.12156797141604167,
            "std": 0.0012170085832485702
          },
          "roc_auc": {
            "mean": 0.8654236663177666,
            "std": 0.002081167652624304
          }
        }
      }
    },
    "cross_optim": {
      "nb_pairs": 262983,
      "pools": {
        "pool_100": {
          "nb_queries": 5000,
          "recall_at_1": {
            "mean": 0.39070119999999997,
            "std": 0.0068852478938670044
          },
          "mrr": {
            "mean": 0.4746962413628072,
            "std": 0.006172356119073425
          },
          "roc_auc": {
            "mean": 0.8288028844112404,
            "std": 0.00807014489090902
          }
        },
        "pool_1000": {
          "nb_queries": 5000,
          "recall_at_1": {
            "mean": 0.28289480000000006,
            "std": 0.0027803835994337175
          },
          "mrr": {
            "mean": 0.328766852929973,
            "std": 0.0019447113257905577
          },
          "roc_auc": {
            "mean": 0.828760313461361,
            "std": 0.003101774140737918
          }
        },
        "pool_10000": {
          "nb_queries": 5000,
          "recall_at_1": {
            "mean": 0.2184526,
            "std": 0.0018944110535995084
          },
          "mrr": {
            "mean": 0.24675743812744289,
            "std": 0.0011623906232529771
          },
          "roc_auc": {
            "mean": 0.8286615946949818,
            "std": 0.002062422025133999
          }
        }
      }
    },
    "cross_arch": {
      "status": "desactive"
    },
    "cross_implementation": {
      "nb_pairs": 66598,
      "pools": {
        "pool_100": {
          "nb_queries": 5000,
          "recall_at_1": {
            "mean": 0.34907699999999997,
            "std": 0.009235875215701
          },
          "mrr": {
            "mean": 0.44107998572834545,
            "std": 0.008344642863703245
          },
          "roc_auc": {
            "mean": 0.781309464494976,
            "std": 0.005524047668197502
          }
        },
        "pool_1000": {
          "nb_queries": 5000,
          "recall_at_1": {
            "mean": 0.210484,
            "std": 0.0029403101877182964
          },
          "mrr": {
            "mean": 0.2687366479752769,
            "std": 0.002303823688836383
          },
          "roc_auc": {
            "mean": 0.781414119312931,
            "std": 0.0025752050361012367
          }
        },
        "pool_10000": {
          "nb_queries": 5000,
          "recall_at_1": {
            "mean": 0.1319196,
            "std": 0.0018120750094849838
          },
          "mrr": {
            "mean": 0.16531318110151605,
            "std": 0.001151824981532155
          },
          "roc_auc": {
            "mean": 0.7812527539838136,
            "std": 0.002034449815944315
          }
        }
      }
    },
    "cross_language": {
      "nb_pairs": 89008,
      "pools": {
        "pool_100": {
          "nb_queries": 5000,
          "recall_at_1": {
            "mean": 0.1290312,
            "std": 0.007722651523926222
          },
          "mrr": {
            "mean": 0.2218743733261655,
            "std": 0.00825332518916534
          },
          "roc_auc": {
            "mean": 0.7012907633931632,
            "std": 0.0071411852120629145
          }
        },
        "pool_1000": {
          "nb_queries": 5000,
          "recall_at_1": {
            "mean": 0.0482226,
            "std": 0.002141254127841906
          },
          "mrr": {
            "mean": 0.08377346941345619,
            "std": 0.0016491498324416787
          },
          "roc_auc": {
            "mean": 0.7013968209714149,
            "std": 0.00332179514477751
          }
        },
        "pool_10000": {
          "nb_queries": 5000,
          "recall_at_1": {
            "mean": 0.0165588,
            "std": 0.0010404146096628978
          },
          "mrr": {
            "mean": 0.03044529837048936,
            "std": 0.0007048420379286304
          },
          "roc_auc": {
            "mean": 0.7012376655965841,
            "std": 0.002623470327719783
          }
        }
      }
    },
    "cross_mixed": {
      "status": "desactive"
    }
  },
  "stats": {
    "total_functions": 17765,
    "pairs_skipped_inlining": {
      "cross_optim": 80357
    }
  }
}