{
  "approach": "baseline",
  "cadre": "optimiste",
  "seed": 42,
  "n_runs": 10,
  "pool_sizes": [
    100,
    1000,
    10000
  ],
  "max_queries": 5000,
  "results": {
    "cross_compiler": {
      "nb_pairs": 67392,
      "pools": {
        "pool_100": {
          "nb_queries": 5000,
          "recall_at_1": {
            "mean": 0.39862000000000003,
            "std": 0.004214688600596722
          },
          "mrr": {
            "mean": 0.5241203102362428,
            "std": 0.004148106559115143
          },
          "roc_auc": {
            "mean": 0.9240925914949495,
            "std": 0.0014711102526441119
          }
        },
        "pool_1000": {
          "nb_queries": 5000,
          "recall_at_1": {
            "mean": 0.18966,
            "std": 0.005007234765816354
          },
          "mrr": {
            "mean": 0.27587754529190034,
            "std": 0.004241436980318882
          },
          "roc_auc": {
            "mean": 0.92403939378,
            "std": 0.0014590765149202836
          }
        },
        "pool_10000": {
          "nb_queries": 5000,
          "recall_at_1": {
            "mean": 0.0819,
            "std": 0.003390870094828169
          },
          "mrr": {
            "mean": 0.12753042090133543,
            "std": 0.0033481308949819925
          },
          "roc_auc": {
            "mean": 0.9239805947299999,
            "std": 0.0014936703363028858
          }
        }
      }
    },
    "cross_optim": {
      "nb_pairs": 264298,
      "pools": {
        "pool_100": {
          "nb_queries": 5000,
          "recall_at_1": {
            "mean": 0.41418,
            "std": 0.006094226776220258
          },
          "mrr": {
            "mean": 0.5096121632853773,
            "std": 0.004680088698017886
          },
          "roc_auc": {
            "mean": 0.8957436951717173,
            "std": 0.0012980289909087
          }
        },
        "pool_1000": {
          "nb_queries": 5000,
          "recall_at_1": {
            "mean": 0.28158,
            "std": 0.005470977974731763
          },
          "mrr": {
            "mean": 0.337875881728746,
            "std": 0.005314076104620404
          },
          "roc_auc": {
            "mean": 0.89565487187,
            "std": 0.0013581503034452568
          }
        },
        "pool_10000": {
          "nb_queries": 5000,
          "recall_at_1": {
            "mean": 0.20634000000000002,
            "std": 0.004707483404113072
          },
          "mrr": {
            "mean": 0.2388961903319105,
            "std": 0.004539480249648214
          },
          "roc_auc": {
            "mean": 0.89563966827,
            "std": 0.0013322385819763958
          }
        }
      }
    },
    "cross_arch": {
      "status": "desactive"
    },
    "cross_implementation": {
      "nb_pairs": 189278,
      "pools": {
        "pool_100": {
          "nb_queries": 5000,
          "recall_at_1": {
            "mean": 0.1417,
            "std": 0.005795342957927513
          },
          "mrr": {
            "mean": 0.21383721304273987,
            "std": 0.0058117430935767005
          },
          "roc_auc": {
            "mean": 0.6579851588686869,
            "std": 0.0041381512939353
          }
        },
        "pool_1000": {
          "nb_queries": 5000,
          "recall_at_1": {
            "mean": 0.07414,
            "std": 0.004407312106034697
          },
          "mrr": {
            "mean": 0.10387430793283858,
            "std": 0.004556785677780869
          },
          "roc_auc": {
            "mean": 0.65815680151,
            "std": 0.003931952880940848
          }
        },
        "pool_10000": {
          "nb_queries": 5000,
          "recall_at_1": {
            "mean": 0.04506,
            "std": 0.003292476271744414
          },
          "mrr": {
            "mean": 0.05796371686152041,
            "std": 0.003336423009374848
          },
          "roc_auc": {
            "mean": 0.65809830941,
            "std": 0.003831726559166934
          }
        }
      }
    },
    "cross_language": {
      "nb_pairs": 171977,
      "pools": {
        "pool_100": {
          "nb_queries": 5000,
          "recall_at_1": {
            "mean": 0.05462,
            "std": 0.0030205297548608913
          },
          "mrr": {
            "mean": 0.11825299346815668,
            "std": 0.0028797484750274806
          },
          "roc_auc": {
            "mean": 0.5749014774949495,
            "std": 0.005469753459471347
          }
        },
        "pool_1000": {
          "nb_queries": 5000,
          "recall_at_1": {
            "mean": 0.015760000000000003,
            "std": 0.001292439553712281
          },
          "mrr": {
            "mean": 0.03384198731710305,
            "std": 0.001073910968516507
          },
          "roc_auc": {
            "mean": 0.57483626429,
            "std": 0.005317771998701356
          }
        },
        "pool_10000": {
          "nb_queries": 5000,
          "recall_at_1": {
            "mean": 0.005379999999999999,
            "std": 0.0010409610943738483
          },
          "mrr": {
            "mean": 0.010203076288667066,
            "std": 0.0010794486471456684
          },
          "roc_auc": {
            "mean": 0.57479014049,
            "std": 0.005284450306650529
          }
        }
      }
    },
    "cross_mixed": {
      "status": "desactive"
    }
  },
  "stats": {
    "total_functions": 19582,
    "pairs_skipped_inlining": {}
  }
}